{
  "images" : [
    {
      "idiom" : "iphone",
      "scale" : "1x"
    },
    {
      "idiom" : "iphone",
      "filename" : "shoulder_flexed@2x.png",
      "scale" : "2x"
    },
    {
      "idiom" : "iphone",
      "filename" : "shoulder_flexed@3x.png",
      "scale" : "3x"
    },
    {
      "idiom" : "ipad",
      "scale" : "1x"
    },
    {
      "idiom" : "ipad",
      "filename" : "shoulder_flexed@2x~ipad.png",
      "scale" : "2x"
    }
  ],
  "info" : {
    "version" : 1,
    "author" : "xcode"
  }
}